{"cameraMode":{"drawMode":0,"name":"Shaded","section":"Shading Mode"},"sceneLighting":false,"audioPlay":false,"sceneViewState":{"m_AlwaysRefresh":false,"showFog":true,"showSkybox":false,"showFlares":true,"showImageEffects":true,"showParticleSystems":true,"showVisualEffectGraphs":true,"m_FxEnabled":true},"in2DMode":false,"pivot":{"x":19.299999237060548,"y":4.480000019073486,"z":-24.921497344970704},"rotation":{"x":0.002232585335150361,"y":0.9591298699378967,"z":-0.282266229391098,"w":0.005777959246188402},"size":1.258834958076477,"orthographic":false}